Region,PHC p-value,PHC Seasonality,OTC p-value,OTC Seasonality,Hospitalizations p-value,Hospitalizations Seasonality
Center-West,0.04016898772238078,Yes,0.003608040026288473,Yes,5.070351451519178e-05,Yes
North,0.0031172932373954632,Yes,0.569622705673884,No,0.000370876824984384,Yes
Northeast,0.002977214438960863,Yes,0.029270979678897496,Yes,0.00014227191734698586,Yes
South,0.021532649409443463,Yes,0.0003444963913182514,Yes,6.44624415804618e-05,Yes
Southeast,0.04512080916470956,Yes,0.00023783346490121254,Yes,6.362996478608025e-05,Yes
